Y00pbt6aJV8Y_350.000_360.000.wav	0.0	10.0	Vacuum_cleaner
Y00pK0GMmE9s_70.000_80.000.wav	0.0	10.0	Vacuum_cleaner
Y02sD1KJeoGA_50.000_60.000.wav	0.0	10.0	Running_water
Y0bjUq9XMMmQ_30.000_40.000.wav	0.0	10.0	Running_water
Y0cH_NlhhMAs_30.000_40.000.wav			
Y0eh_N-cmcuI_350.000_360.000.wav	1.28	10.0	Running_water
Y0hAK5f1tDok_30.000_40.000.wav	6.46	7.16	Cat
Y0hAK5f1tDok_30.000_40.000.wav	7.640000000000001	7.82	Cat
Y0j-mPw3WpVw_10.000_20.000.wav			
Y0kAaPH2wrvM_140.000_150.000.wav	0.0	10.0	Speech
Y0kAaPH2wrvM_140.000_150.000.wav	0.0	10.0	Vacuum_cleaner
Y0KarxIguv18_180.000_190.000.wav			
Y0lNm9pXXHxA_0.000_9.000.wav			
Y0plDocPM9Ig_80.000_90.000.wav	2.34	10.0	Running_water
Y0q87keOtUNQ_21.000_31.000.wav			
Y0sYcEVTfF2E_0.000_10.000.wav	3.94	10.0	Running_water
Y0sYcEVTfF2E_0.000_10.000.wav	0.0	10.0	Speech
Y0um2ui52eyo_60.000_70.000.wav	0.0	9.14	Running_water
Y0UN02RkbG_U_7.000_17.000.wav	0.0	0.46	Cat
Y0UN02RkbG_U_7.000_17.000.wav	1.54	3.04	Cat
Y0UN02RkbG_U_7.000_17.000.wav	3.8200000000000003	4.62	Cat
Y0UN02RkbG_U_7.000_17.000.wav	7.58	8.2	Cat
Y0UN02RkbG_U_7.000_17.000.wav	9.92	10.0	Cat
Y0_WMZB4Xc5o_30.000_40.000.wav	0.0	3.46	Running_water
Y-0X1juZHG6I_30.000_40.000.wav	2.44	10.0	Running_water
Y0xciMnHCZL0_30.000_40.000.wav			
Y0XMeGiszPYE_30.000_40.000.wav	0.0	3.88	Cat
Y0XMeGiszPYE_30.000_40.000.wav	4.0200000000000005	8.72	Cat
Y0XMeGiszPYE_30.000_40.000.wav	8.86	10.0	Cat
Y0XMeGiszPYE_30.000_40.000.wav	0.0	10.0	crying
Y0zjb1cI6aEs_13.000_23.000.wav	1.3	1.8	Cat
Y0zjb1cI6aEs_13.000_23.000.wav	2.72	3.34	Cat
Y0zjb1cI6aEs_13.000_23.000.wav	4.96	5.58	Cat
Y0zjb1cI6aEs_13.000_23.000.wav	9.120000000000001	9.32	Cat
Y0zjb1cI6aEs_13.000_23.000.wav	9.88	10.0	Cat
Y1-0EYLUEbRo_340.000_350.000.wav	0.0	10.0	Speech
Y13YvwUoLde8_10.000_20.000.wav	0.0	10.0	Running_water
Y18-ffRBe48A_20.000_30.000.wav	0.0	1.3	Running_water
Y18-ffRBe48A_20.000_30.000.wav	2.42	10.0	Running_water
Y18hLbtiGqes_40.000_50.000.wav			
Y19PS9dyGe64_100.000_110.000.wav	3.9	10.0	Running_water
Y19UacScA26s_70.000_80.000.wav			
Y1asrcrzsvuo_160.000_170.000.wav			
Y1bPtEqPp1ZI_20.000_30.000.wav	0.0	10.0	Running_water
Y1easzswv0OM_130.000_140.000.wav	0.0	10.0	Speech
Y1eaWEhXlpS0_110.000_120.000.wav			
Y1eOhQvtQHm0_160.000_170.000.wav	0.0	10.0	Blender
Y1FADrYkCEjY_30.000_40.000.wav			
Y1HQyUAfYFHw_0.000_10.000.wav			
Y1KFRlXZfnIA_13.000_23.000.wav			
Y1NbotQwFUTg_30.000_40.000.wav	0.0	2.46	Dishes
Y1NbotQwFUTg_30.000_40.000.wav	2.6	3.18	Dishes
Y1NbotQwFUTg_30.000_40.000.wav	3.48	3.88	Dishes
Y1NbotQwFUTg_30.000_40.000.wav	4.4	4.54	Dishes
Y1NbotQwFUTg_30.000_40.000.wav	4.9	5.0200000000000005	Dishes
Y1NbotQwFUTg_30.000_40.000.wav	5.16	5.32	Dishes
Y1NbotQwFUTg_30.000_40.000.wav	5.6000000000000005	6.08	Dishes
Y1NbotQwFUTg_30.000_40.000.wav	6.5600000000000005	7.0	Dishes
Y1NbotQwFUTg_30.000_40.000.wav	7.140000000000001	8.98	Dishes
Y1NbotQwFUTg_30.000_40.000.wav	9.06	9.74	Dishes
Y1NYJAJXYyNY_350.000_360.000.wav	0.0	10.0	Frying
Y1pqXL2y7nZ4_30.000_40.000.wav	3.18	3.56	Cat
Y1pqXL2y7nZ4_30.000_40.000.wav	5.32	5.58	Cat
Y1pqXL2y7nZ4_30.000_40.000.wav	8.6	9.14	Cat
Y1QK5WA4dK4o_400.000_410.000.wav	0.0	0.2	Dishes
Y1QK5WA4dK4o_400.000_410.000.wav	0.4	0.9	Dishes
Y1QK5WA4dK4o_400.000_410.000.wav	1.1	1.7	Dishes
Y1QK5WA4dK4o_400.000_410.000.wav	1.94	2.5	Dishes
Y1QK5WA4dK4o_400.000_410.000.wav	2.58	2.82	Dishes
Y1QK5WA4dK4o_400.000_410.000.wav	3.02	3.2600000000000002	Dishes
Y1QK5WA4dK4o_400.000_410.000.wav	3.44	3.94	Dishes
Y1QK5WA4dK4o_400.000_410.000.wav	4.68	5.68	Dishes
Y1QK5WA4dK4o_400.000_410.000.wav	5.96	6.2	Dishes
Y1QK5WA4dK4o_400.000_410.000.wav	7.16	8.02	Dishes
Y1QK5WA4dK4o_400.000_410.000.wav	8.26	8.96	Dishes
Y1QK5WA4dK4o_400.000_410.000.wav	9.88	10.0	Dishes
Y1tFkjBMoUkM_90.000_100.000.wav	1.1	3.58	Alarm_bell_ringing
Y1tFkjBMoUkM_90.000_100.000.wav	3.98	4.24	Alarm_bell_ringing
Y1tFkjBMoUkM_90.000_100.000.wav	4.64	4.98	Alarm_bell_ringing
Y1tFkjBMoUkM_90.000_100.000.wav	0.0	10.0	Speech
Y1U4D63urKlo_90.000_100.000.wav	0.0	10.0	Running_water
Y1U4D63urKlo_90.000_100.000.wav	0.0	10.0	Speech
Y1-uo7YWqF3Q_30.000_40.000.wav	0.5	0.72	Cat
Y1-uo7YWqF3Q_30.000_40.000.wav	3.0	3.98	Cat
Y1-uo7YWqF3Q_30.000_40.000.wav	6.32	7.58	Cat
Y1-uo7YWqF3Q_30.000_40.000.wav	9.48	10.0	Cat
Y1vp4q7nBedI_420.000_430.000.wav			
Y1VPLhdQgQyE_2.000_12.000.wav	4.4	4.58	Dog
Y1VPLhdQgQyE_2.000_12.000.wav	5.0	5.74	Dog
Y1VPLhdQgQyE_2.000_12.000.wav	7.74	8.52	Dog
Y1VPLhdQgQyE_2.000_12.000.wav	9.040000000000001	9.78	Dog
Y1WdoejoSGj8_60.000_70.000.wav	0.0	10.0	Frying
Y1Zh0FA8mO-k_14.000_24.000.wav			
Y1ZiKrVqYzVo_30.000_40.000.wav	1.06	1.62	Cat
Y1ZiKrVqYzVo_30.000_40.000.wav	4.88	5.72	Cat
Y1ZiKrVqYzVo_30.000_40.000.wav	6.72	7.66	Cat
Y27tTKJuekQc_0.000_10.000.wav	0.0	2.42	Running_water
Y27tTKJuekQc_0.000_10.000.wav	4.36	10.0	Running_water
Y2DF8mtDke8k_460.000_470.000.wav	0.0	8.38	Frying
Y2DF8mtDke8k_460.000_470.000.wav	0.0	10.0	Speech
Y2IxkjMrJxng_50.000_60.000.wav	0.62	8.44	Running_water
Y-2kt5gv42qI_150.000_160.000.wav	0.0	10.0	Electric_shaver_toothbrush
Y2o4Vqjzfhko_50.000_60.000.wav			
Y2R7p_Ac26mU_30.000_40.000.wav	0.0	10.0	gunfire
Y2U6aYsjc1UM_130.000_140.000.wav	6.9	9.06	Blender
Y2U6aYsjc1UM_130.000_140.000.wav	0.0	10.0	Speech
Y2wm2zzXz308_60.000_70.000.wav	0.0	10.0	Vacuum_cleaner
Y2xYCc2ZQF4E_170.000_180.000.wav			
Y2YRfPCbROkw_0.000_10.000.wav			
Y2yTAfCLLiRs_30.000_40.000.wav			
Y2zGw5RW79xI_30.000_40.000.wav	0.0	2.64	Running_water
Y2zGw5RW79xI_30.000_40.000.wav	5.54	10.0	Running_water
Y2zGw5RW79xI_30.000_40.000.wav	0.0	10.0	Speech
Y39PfIe5CrPU_30.000_40.000.wav			
Y3c5KOAOX46I_30.000_40.000.wav			
Y3dnn1v0osio_530.000_540.000.wav			
Y3eN7ujFJzXQ_170.000_180.000.wav	2.34	2.86	Dishes
Y3eN7ujFJzXQ_170.000_180.000.wav	3.36	3.52	Dishes
Y3eN7ujFJzXQ_170.000_180.000.wav	3.74	4.76	Dishes
Y3eN7ujFJzXQ_170.000_180.000.wav	5.48	6.5	Dishes
Y3eN7ujFJzXQ_170.000_180.000.wav	6.6000000000000005	6.72	Dishes
Y3eN7ujFJzXQ_170.000_180.000.wav	7.1000000000000005	7.7	Dishes
Y3eN7ujFJzXQ_170.000_180.000.wav	8.4	8.58	Dishes
Y3eN7ujFJzXQ_170.000_180.000.wav	8.72	9.4	Dishes
Y3eN7ujFJzXQ_170.000_180.000.wav	9.52	10.0	Dishes
Y3eN7ujFJzXQ_170.000_180.000.wav	2.7600000000000002	10.0	Frying
Y3eN7ujFJzXQ_170.000_180.000.wav	0.0	10.0	Speech
Y3evdpIZimWE_90.000_100.000.wav	0.0	10.0	Vacuum_cleaner
Y3jDkI9JjYuQ_0.000_10.000.wav	4.82	10.0	Running_water
Y3oZLoVYIHFQ_50.000_60.000.wav	0.0	10.0	Vacuum_cleaner
Y4dujzoc7MHE_170.000_180.000.wav	0.0	4.92	Alarm_bell_ringing
Y4dujzoc7MHE_170.000_180.000.wav	6.94	9.82	Alarm_bell_ringing
Y4DX3ZWoZbt8_0.000_10.000.wav	0.0	10.0	Vacuum_cleaner
Y4e0riwTv0xY_170.000_180.000.wav	0.0	1.32	Dishes
Y4e0riwTv0xY_170.000_180.000.wav	2.2600000000000002	2.74	Dishes
Y4e0riwTv0xY_170.000_180.000.wav	3.66	3.92	Dishes
Y4e0riwTv0xY_170.000_180.000.wav	4.3	4.44	Dishes
Y4e0riwTv0xY_170.000_180.000.wav	4.5200000000000005	5.36	Dishes
Y4e0riwTv0xY_170.000_180.000.wav	6.0	6.3	Dishes
Y4e0riwTv0xY_170.000_180.000.wav	6.86	7.34	Dishes
Y4e0riwTv0xY_170.000_180.000.wav	7.6000000000000005	7.84	Dishes
Y4e0riwTv0xY_170.000_180.000.wav	8.36	8.58	Dishes
Y4e0riwTv0xY_170.000_180.000.wav	9.26	9.36	Dishes
Y4e0riwTv0xY_170.000_180.000.wav	0.0	10.0	Speech
Y4fa2gc6Sisc_30.000_40.000.wav			
Y4gq5IKSASSQ_30.000_40.000.wav	0.0	9.24	Running_water
Y4gyda6wcww0_30.000_40.000.wav			
Y4gyuJnj9iWw_110.000_120.000.wav	6.0	8.56	Frying
Y4gyuJnj9iWw_110.000_120.000.wav	9.8	10.0	Frying
Y4gyuJnj9iWw_110.000_120.000.wav	0.0	10.0	Speech
Y4hlcTX9Z1gM_20.000_30.000.wav	0.0	10.0	Speech
Y4h_PCLPoqXE_0.000_5.000.wav			
Y4hQgFX4vxi4_30.000_40.000.wav	0.92	1.24	Dog
Y4hQgFX4vxi4_30.000_40.000.wav	1.6600000000000001	1.84	Dog
Y4hQgFX4vxi4_30.000_40.000.wav	2.9	3.7	Dog
Y4hQgFX4vxi4_30.000_40.000.wav	4.04	4.8	Dog
Y4hQgFX4vxi4_30.000_40.000.wav	5.0	5.74	Dog
Y4hQgFX4vxi4_30.000_40.000.wav	5.96	6.640000000000001	Dog
Y4hQgFX4vxi4_30.000_40.000.wav	6.88	8.42	Dog
Y4iFnpH_6Ds4_30.000_40.000.wav			
Y4iq45VX3t_g_10.000_20.000.wav	1.16	1.6600000000000001	Dog
Y4iq45VX3t_g_10.000_20.000.wav	1.96	2.22	Dog
Y4iq45VX3t_g_10.000_20.000.wav	2.88	7.38	Dog
Y4iq45VX3t_g_10.000_20.000.wav	8.3	8.68	Dog
Y4jaU_R0rhC8_10.000_20.000.wav	0.02	1.1	Dog
Y4jaU_R0rhC8_10.000_20.000.wav	1.34	2.22	Dog
Y4jaU_R0rhC8_10.000_20.000.wav	2.42	2.7	Dog
Y4jaU_R0rhC8_10.000_20.000.wav	2.92	3.66	Dog
Y4jaU_R0rhC8_10.000_20.000.wav	4.0600000000000005	5.04	Dog
Y4jaU_R0rhC8_10.000_20.000.wav	5.42	6.62	Dog
Y4jaU_R0rhC8_10.000_20.000.wav	6.96	7.44	Dog
Y4jaU_R0rhC8_10.000_20.000.wav	8.2	9.84	Dog
Y4jkJ3MhsYh0_170.000_180.000.wav	2.14	10.0	Running_water
Y4jW7xTLOjtc_43.000_53.000.wav	2.84	3.58	Dog
Y4jW7xTLOjtc_43.000_53.000.wav	5.18	5.42	Dog
Y4jW7xTLOjtc_43.000_53.000.wav	7.98	8.48	Dog
Y4jW7xTLOjtc_43.000_53.000.wav	8.82	10.0	Dog
Y4jZjNhgM7s4_14.000_24.000.wav	0.0	0.46	Dog
Y4jZjNhgM7s4_14.000_24.000.wav	1.16	6.7	Dog
Y4jZjNhgM7s4_14.000_24.000.wav	7.34	7.66	Dog
Y4jZjNhgM7s4_14.000_24.000.wav	9.540000000000001	9.78	Dog
Y4jZzjKi02K0_80.000_90.000.wav	0.0	1.36	Dog
Y4jZzjKi02K0_80.000_90.000.wav	1.6400000000000001	3.14	Dog
Y4jZzjKi02K0_80.000_90.000.wav	3.3200000000000003	10.0	Dog
Y4l3JJm8sqIs_21.000_31.000.wav			
Y4l7clomhvPs_30.000_40.000.wav			
Y4lSgkwwWztM_140.000_150.000.wav	0.0	4.84	Dog
Y4lSgkwwWztM_140.000_150.000.wav	5.8	6.0600000000000005	Dog
Y4lSgkwwWztM_140.000_150.000.wav	6.82	8.52	Dog
Y4lSgkwwWztM_140.000_150.000.wav	8.96	9.26	Dog
Y4lSgkwwWztM_140.000_150.000.wav	9.44	10.0	Dog
Y4nJGYImVuSk_12.000_22.000.wav			
Y4nv-GOe3h54_110.000_120.000.wav	0.0	10.0	Frying
Y4nv-GOe3h54_110.000_120.000.wav	0.0	10.0	Speech
Y4nVnNB8op10_80.000_90.000.wav	0.0	0.58	Dog
Y4nVnNB8op10_80.000_90.000.wav	0.84	2.06	Dog
Y4nVnNB8op10_80.000_90.000.wav	3.58	4.16	Dog
Y4nVnNB8op10_80.000_90.000.wav	4.8	5.24	Dog
Y4nVnNB8op10_80.000_90.000.wav	5.96	7.1000000000000005	Dog
Y4nVnNB8op10_80.000_90.000.wav	7.36	7.58	Dog
Y4nVnNB8op10_80.000_90.000.wav	8.26	9.28	Dog
Y4nVnNB8op10_80.000_90.000.wav	9.64	10.0	Dog
Y4o1WXDIYm9g_310.000_320.000.wav	0.0	10.0	Vacuum_cleaner
Y4p-h_aOrhIw_30.000_40.000.wav	0.0	0.74	Dog
Y4p-h_aOrhIw_30.000_40.000.wav	1.04	1.5	Dog
Y4p-h_aOrhIw_30.000_40.000.wav	1.68	2.7800000000000002	Dog
Y4p-h_aOrhIw_30.000_40.000.wav	3.36	3.54	Dog
Y4p-h_aOrhIw_30.000_40.000.wav	4.12	6.68	Dog
Y4p-h_aOrhIw_30.000_40.000.wav	7.24	7.44	Dog
Y4p-h_aOrhIw_30.000_40.000.wav	8.06	8.28	Dog
Y4p-h_aOrhIw_30.000_40.000.wav	9.06	9.24	Dog
Y4p-h_aOrhIw_30.000_40.000.wav	9.8	10.0	Dog
Y4p-h_aOrhIw_30.000_40.000.wav	0.0	10.0	Speech
Y4qYFfG3og0M_10.000_20.000.wav	0.0	0.14	Dog
Y4qYFfG3og0M_10.000_20.000.wav	0.5	0.92	Dog
Y4qYFfG3og0M_10.000_20.000.wav	2.4	2.62	Dog
Y4qYFfG3og0M_10.000_20.000.wav	3.34	3.74	Dog
Y4qYFfG3og0M_10.000_20.000.wav	4.6000000000000005	5.0	Dog
Y4qYFfG3og0M_10.000_20.000.wav	6.16	6.86	Dog
Y4qYFfG3og0M_10.000_20.000.wav	7.34	8.88	Dog
Y4qYFfG3og0M_10.000_20.000.wav	9.9	10.0	Dog
Y4qYFfG3og0M_10.000_20.000.wav	0.0	10.0	Speech
Y4sTQvJtsuSg_50.000_60.000.wav	0.56	0.84	Dog
Y4sTQvJtsuSg_50.000_60.000.wav	3.5	4.1	Dog
Y4sTQvJtsuSg_50.000_60.000.wav	6.82	7.2	Dog
Y4sTQvJtsuSg_50.000_60.000.wav	7.5200000000000005	8.78	Dog
Y4sTQvJtsuSg_50.000_60.000.wav	9.120000000000001	10.0	Dog
Y4sXEkabHrvA_30.000_40.000.wav	0.0	10.0	Running_water
Y4tPbGCPs-0c_30.000_40.000.wav			
Y4trGKbbTmC4_30.000_40.000.wav	1.02	2.66	Dog
Y4trGKbbTmC4_30.000_40.000.wav	4.0200000000000005	4.32	Dog
Y4trGKbbTmC4_30.000_40.000.wav	4.5	4.76	Dog
Y4trGKbbTmC4_30.000_40.000.wav	5.96	9.58	Dog
Y4us3Rc0Wd84_23.000_33.000.wav			
Y4v9CMU2SXso_260.000_270.000.wav	0.0	10.0	Vacuum_cleaner
Y4vnbVLfn0DU_30.000_40.000.wav	0.0	1.6	Dog
Y4vnbVLfn0DU_30.000_40.000.wav	2.44	2.62	Dog
Y4vnbVLfn0DU_30.000_40.000.wav	7.76	8.36	Dog
Y4vnbVLfn0DU_30.000_40.000.wav	8.72	9.14	Dog
Y4vnbVLfn0DU_30.000_40.000.wav	9.38	9.56	Dog
Y4vSnw4-qFao_14.000_24.000.wav	0.24	0.52	Cat
Y4vSnw4-qFao_14.000_24.000.wav	0.76	3.62	Cat
Y4vSnw4-qFao_14.000_24.000.wav	4.58	8.44	Cat
Y4vSnw4-qFao_14.000_24.000.wav	9.8	10.0	Cat
Y4WLQloq6iLs_190.000_200.000.wav	0.0	10.0	Speech
Y4xw5z5u9Mtk_24.000_34.000.wav	0.0	0.56	Dog
Y4xw5z5u9Mtk_24.000_34.000.wav	1.6	2.66	Dog
Y4xw5z5u9Mtk_24.000_34.000.wav	4.28	5.5	Dog
Y4xw5z5u9Mtk_24.000_34.000.wav	5.72	5.92	Dog
Y4xw5z5u9Mtk_24.000_34.000.wav	7.38	8.48	Dog
Y4yewJ_-Ty1M_30.000_40.000.wav	5.5	6.26	Dog
Y4yewJ_-Ty1M_30.000_40.000.wav	7.36	7.58	Dog
Y4yewJ_-Ty1M_30.000_40.000.wav	8.34	9.06	Dog
Y4Yo_DkHXXjI_170.000_180.000.wav	0.0	10.0	Frying
Y4Yo_DkHXXjI_170.000_180.000.wav	0.0	10.0	Speech
Y4Z62K7wv6Po_280.000_290.000.wav	0.0	10.0	Speech
Y50Ophs2Ih-4_120.000_130.000.wav	0.0	10.0	Speech
Y50Ophs2Ih-4_120.000_130.000.wav	0.0	10.0	Vacuum_cleaner
Y530yiQ7x99E_570.000_580.000.wav			
Y53UtJp-9UYM_100.000_110.000.wav			
Y56B_R7-40cA_60.000_70.000.wav	2.18	9.26	Running_water
Y572D_4G9cos_150.000_160.000.wav	0.0	8.08	Vacuum_cleaner
Y57wLY6lcZus_80.000_90.000.wav			
Y5-AIETMDRaI_10.000_20.000.wav	1.46	10.0	Running_water
Y5aSyIbD6jY4_70.000_80.000.wav			
Y5cRwwBaGtTA_110.000_120.000.wav			
Y5dmvNaIHaBA_350.000_360.000.wav	0.0	10.0	Speech
Y5H6OZJ71DHo_0.000_10.000.wav	0.96	7.2	Running_water
Y5H6OZJ71DHo_0.000_10.000.wav	8.66	10.0	Running_water
Y5iT-5fccnC8_70.000_80.000.wav	0.0	10.0	Vacuum_cleaner
Y5J603SAj7QM_210.000_220.000.wav	0.3	0.6	Dishes
Y5J603SAj7QM_210.000_220.000.wav	0.8200000000000001	1.24	Dishes
Y5J603SAj7QM_210.000_220.000.wav	1.82	2.24	Dishes
Y5J603SAj7QM_210.000_220.000.wav	2.98	3.2600000000000002	Dishes
Y5J603SAj7QM_210.000_220.000.wav	3.54	3.96	Dishes
Y5J603SAj7QM_210.000_220.000.wav	4.46	7.0200000000000005	Dishes
Y5J603SAj7QM_210.000_220.000.wav	9.06	9.86	Dishes
Y5J603SAj7QM_210.000_220.000.wav	0.0	1.46	Frying
Y5J603SAj7QM_210.000_220.000.wav	2.98	7.0	Frying
Y5J603SAj7QM_210.000_220.000.wav	9.18	10.0	Frying
Y5J603SAj7QM_210.000_220.000.wav	0.0	10.0	Speech
Y5MB5gjMb1oo_240.000_250.000.wav	0.0	10.0	Running_water
Y5P78H_fNvbg_80.000_90.000.wav			
Y5qx1HGIWJww_170.000_180.000.wav	0.38	1.06	Dishes
Y5qx1HGIWJww_170.000_180.000.wav	1.6600000000000001	2.04	Dishes
Y5qx1HGIWJww_170.000_180.000.wav	2.18	3.3000000000000003	Dishes
Y5qx1HGIWJww_170.000_180.000.wav	3.48	3.88	Dishes
Y5qx1HGIWJww_170.000_180.000.wav	4.0600000000000005	4.26	Dishes
Y5qx1HGIWJww_170.000_180.000.wav	4.38	4.5200000000000005	Dishes
Y5qx1HGIWJww_170.000_180.000.wav	5.14	5.58	Dishes
Y5qx1HGIWJww_170.000_180.000.wav	5.8	6.2	Dishes
Y5qx1HGIWJww_170.000_180.000.wav	6.78	7.0200000000000005	Dishes
Y5qx1HGIWJww_170.000_180.000.wav	7.86	8.14	Dishes
Y5qx1HGIWJww_170.000_180.000.wav	8.68	9.34	Dishes
Y5qx1HGIWJww_170.000_180.000.wav	9.540000000000001	9.72	Dishes
Y5qx1HGIWJww_170.000_180.000.wav	9.92	10.0	Dishes
Y5qx1HGIWJww_170.000_180.000.wav	0.0	5.78	Frying
Y5qx1HGIWJww_170.000_180.000.wav	0.0	10.0	Speech
Y5UMWvLV5DGU_40.000_50.000.wav	2.88	8.26	Alarm_bell_ringing
Y5Xu5FJLNTHY_500.000_510.000.wav	0.0	10.0	Speech
Y5Xu5FJLNTHY_500.000_510.000.wav	0.0	8.88	Vacuum_cleaner
Y5YpCQdZqbys_270.000_280.000.wav			
Y64kSvAtmFAk_30.000_40.000.wav	0.0	10.0	Vacuum_cleaner
Y6ExErkijGaA_20.000_30.000.wav	3.1	7.4	Running_water
Y6kKs7UKCUBA_70.000_80.000.wav			
Y6ocUrRBIuls_340.000_350.000.wav	0.0	10.0	Speech
Y6ocUrRBIuls_340.000_350.000.wav	0.0	10.0	Vacuum_cleaner
Y6PwBeL3Abl8_60.000_70.000.wav			
Y-6-rh8kbZf0_40.000_50.000.wav			
Y6VQuHBq0IXg_30.000_40.000.wav			
Y72YnuWh4r-E_90.000_100.000.wav	3.56	10.0	Electric_shaver_toothbrush
Y72YnuWh4r-E_90.000_100.000.wav	0.0	10.0	Speech
Y7agGfavyTX4_120.000_130.000.wav	0.0	10.0	Blender
Y7bebYVKl7t8_510.000_520.000.wav	0.0	10.0	Speech
Y7HSpbwWrii0_10.000_20.000.wav	7.58	9.82	Alarm_bell_ringing
Y7O_Q7A8LAhI_220.000_230.000.wav	0.0	10.0	Vacuum_cleaner
Y7-Pb33nUWKI_40.000_50.000.wav			
Y7pxNDwMWoIo_20.000_30.000.wav	0.0	10.0	Running_water
Y7uadxE3ZLS8_0.000_10.000.wav	0.0	7.58	Electric_shaver_toothbrush
Y7wPIQMsalK8_70.000_80.000.wav			
Y7xX1g_WVYmM_100.000_110.000.wav	3.86	10.0	Vacuum_cleaner
Y7ZTBswMDOW0_250.000_260.000.wav	0.0	10.0	Frying
Y7ZTBswMDOW0_250.000_260.000.wav	0.0	10.0	Speech
Y89TJDppJlKI_20.000_30.000.wav	0.0	6.28	Running_water
Y8fDeRi8Lqyg_40.000_50.000.wav	7.18	10.0	Running_water
Y8HbKrFYTWI4_120.000_130.000.wav	0.0	10.0	Electric_shaver_toothbrush
Y8HbKrFYTWI4_120.000_130.000.wav	0.0	2.1	Frying
Y8HbKrFYTWI4_120.000_130.000.wav	4.86	10.0	Frying
Y8HbKrFYTWI4_120.000_130.000.wav	0.0	10.0	Speech
Y-8ju6V8B5Oc_40.000_50.000.wav	0.74	10.0	Running_water
Y8lhDSLRfZ8Q_350.000_360.000.wav	0.0	2.38	Running_water
Y8Y3du2Iw0v4_60.000_70.000.wav	0.0	2.84	Electric_shaver_toothbrush
Y8Y3du2Iw0v4_60.000_70.000.wav	6.2	10.0	Electric_shaver_toothbrush
Y8Y3du2Iw0v4_60.000_70.000.wav	0.0	10.0	Speech
Y97oxHi3qxs8_0.000_10.000.wav			
Y99MfwDS1Vpc_30.000_40.000.wav	0.0	9.32	Running_water
Y9aNXDP2rv7o_220.000_230.000.wav	6.7	10.0	Blender
Y9aNXDP2rv7o_220.000_230.000.wav	0.0	10.0	Speech
Y9m96yRfGJ1I_150.000_160.000.wav	0.0	0.2	Dishes
Y9m96yRfGJ1I_150.000_160.000.wav	0.74	1.26	Dishes
Y9m96yRfGJ1I_150.000_160.000.wav	2.82	3.16	Dishes
Y9m96yRfGJ1I_150.000_160.000.wav	5.2	5.4	Dishes
Y9m96yRfGJ1I_150.000_160.000.wav	6.6000000000000005	6.76	Dishes
Y9m96yRfGJ1I_150.000_160.000.wav	6.88	7.2	Dishes
Y9m96yRfGJ1I_150.000_160.000.wav	7.4	7.92	Dishes
Y9m96yRfGJ1I_150.000_160.000.wav	8.1	8.56	Dishes
Y9m96yRfGJ1I_150.000_160.000.wav	8.78	9.040000000000001	Dishes
Y9m96yRfGJ1I_150.000_160.000.wav	9.4	9.76	Dishes
Y9m96yRfGJ1I_150.000_160.000.wav	9.96	10.0	Dishes
Y9m96yRfGJ1I_150.000_160.000.wav	0.0	10.0	Speech
Y9mdHUoBmtiE_0.000_10.000.wav	5.78	7.34	Frying
Y9mdHUoBmtiE_0.000_10.000.wav	0.0	10.0	Speech
Y9RgAP7X9d6w_10.000_20.000.wav	0.0	10.0	Running_water
Y9V-F5sW1vk8_20.000_30.000.wav			
Y9wdz8eKr2Qc_20.000_30.000.wav	0.0	10.0	Vacuum_cleaner
Y9xFa6pE7120_270.000_280.000.wav	0.12	1.1	Dishes
Y9xFa6pE7120_270.000_280.000.wav	1.4000000000000001	1.74	Dishes
Y9xFa6pE7120_270.000_280.000.wav	1.84	1.96	Dishes
Y9xFa6pE7120_270.000_280.000.wav	2.14	2.38	Dishes
Y9xFa6pE7120_270.000_280.000.wav	2.5	2.82	Dishes
Y9xFa6pE7120_270.000_280.000.wav	3.06	3.7600000000000002	Dishes
Y9xFa6pE7120_270.000_280.000.wav	5.26	5.5	Dishes
Y9xFa6pE7120_270.000_280.000.wav	5.62	6.72	Dishes
Y9xFa6pE7120_270.000_280.000.wav	6.82	7.08	Dishes
Y9xFa6pE7120_270.000_280.000.wav	7.2	7.5600000000000005	Dishes
Y9xFa6pE7120_270.000_280.000.wav	8.2	8.48	Dishes
Y9xFa6pE7120_270.000_280.000.wav	8.56	9.48	Dishes
Y9xFa6pE7120_270.000_280.000.wav	9.58	9.96	Dishes
Y9xFa6pE7120_270.000_280.000.wav	0.0	3.18	Frying
Y9xFa6pE7120_270.000_280.000.wav	5.68	10.0	Frying
Y9xFa6pE7120_270.000_280.000.wav	0.0	10.0	Speech
YAaFnWKLyP-o_160.000_170.000.wav	0.0	2.56	Alarm_bell_ringing
YAaFnWKLyP-o_160.000_170.000.wav	3.66	5.76	Alarm_bell_ringing
YAagLJkfrFMk_60.000_70.000.wav	4.86	10.0	Running_water
YABLvFa4x8lE_30.000_40.000.wav	0.3	0.44	Cat
YABLvFa4x8lE_30.000_40.000.wav	1.32	3.4	Cat
YABLvFa4x8lE_30.000_40.000.wav	5.16	6.44	Cat
YABLvFa4x8lE_30.000_40.000.wav	9.4	9.58	Cat
YAE6gWkABu8E_40.000_50.000.wav	1.18	1.6400000000000001	Cat
YAE6gWkABu8E_40.000_50.000.wav	2.38	3.48	Cat
YAE6gWkABu8E_40.000_50.000.wav	4.0600000000000005	4.54	Cat
YAE6gWkABu8E_40.000_50.000.wav	5.0200000000000005	7.1000000000000005	Cat
YAE6gWkABu8E_40.000_50.000.wav	7.88	8.4	Cat
YAE6gWkABu8E_40.000_50.000.wav	8.6	9.68	Cat
YAoy3LDCVbq4_50.000_60.000.wav			
YAVvPNcxOuRQ_30.000_40.000.wav			
YAwjEqHYHp7I_110.000_120.000.wav	0.0	10.0	Frying
YAwjEqHYHp7I_110.000_120.000.wav	0.0	10.0	Speech
YAXpA_dWErVc_530.000_540.000.wav	0.0	0.28	Dishes
YAXpA_dWErVc_530.000_540.000.wav	0.44	0.8	Dishes
YAXpA_dWErVc_530.000_540.000.wav	1.18	1.32	Dishes
YAXpA_dWErVc_530.000_540.000.wav	1.6600000000000001	1.76	Dishes
YAXpA_dWErVc_530.000_540.000.wav	2.06	2.22	Dishes
YAXpA_dWErVc_530.000_540.000.wav	2.36	2.64	Dishes
YAXpA_dWErVc_530.000_540.000.wav	3.22	3.44	Dishes
YAXpA_dWErVc_530.000_540.000.wav	3.54	3.7600000000000002	Dishes
YAXpA_dWErVc_530.000_540.000.wav	3.84	4.0600000000000005	Dishes
YAXpA_dWErVc_530.000_540.000.wav	4.74	4.98	Dishes
YAXpA_dWErVc_530.000_540.000.wav	5.34	5.72	Dishes
YAXpA_dWErVc_530.000_540.000.wav	6.640000000000001	6.76	Dishes
YAXpA_dWErVc_530.000_540.000.wav	6.86	9.84	Dishes
YAXpA_dWErVc_530.000_540.000.wav	0.0	4.18	Frying
YAXpA_dWErVc_530.000_540.000.wav	6.68	10.0	Frying
YAyl4EbZXANQ_280.000_290.000.wav	0.0	10.0	Speech
YB4Q6N08yhp8_80.000_90.000.wav	0.0	10.0	Speech
YB5-S_Jl0qWg_10.000_20.000.wav	0.0	10.0	Vacuum_cleaner
YBfsxrvRNJe0_100.000_110.000.wav	0.0	10.0	Electric_shaver_toothbrush
YBfsxrvRNJe0_100.000_110.000.wav	0.0	10.0	Speech
Y-BJNMHMZDcU_50.000_60.000.wav	0.46	1.1400000000000001	Dog
Y-BJNMHMZDcU_50.000_60.000.wav	1.36	2.38	Dog
Y-BJNMHMZDcU_50.000_60.000.wav	2.56	4.24	Dog
Y-BJNMHMZDcU_50.000_60.000.wav	4.46	5.26	Dog
Y-BJNMHMZDcU_50.000_60.000.wav	5.46	6.32	Dog
Y-BJNMHMZDcU_50.000_60.000.wav	7.0	7.8	Dog
Y-BJNMHMZDcU_50.000_60.000.wav	8.66	9.44	Dog
Y-BJNMHMZDcU_50.000_60.000.wav	9.68	10.0	Dog
YBMiWTybWmiQ_30.000_40.000.wav	0.0	10.0	Vacuum_cleaner
Y-Bp9Q5aYLOc_70.000_80.000.wav	0.0	10.0	Blender
Y-Bp9Q5aYLOc_70.000_80.000.wav	0.0	10.0	Vacuum_cleaner
YBQ7Nj7WJL8U_70.000_80.000.wav	0.08	0.78	Dishes
YBQ7Nj7WJL8U_70.000_80.000.wav	2.54	3.2600000000000002	Dishes
YBQ7Nj7WJL8U_70.000_80.000.wav	4.16	5.22	Dishes
YBQ7Nj7WJL8U_70.000_80.000.wav	6.22	6.66	Dishes
YBQ7Nj7WJL8U_70.000_80.000.wav	7.140000000000001	7.46	Dishes
YBQ7Nj7WJL8U_70.000_80.000.wav	7.5600000000000005	8.14	Dishes
YBQ7Nj7WJL8U_70.000_80.000.wav	8.4	8.78	Dishes
YBQ7Nj7WJL8U_70.000_80.000.wav	9.18	10.0	Dishes
YBQ7Nj7WJL8U_70.000_80.000.wav	0.0	10.0	Speech
YBuCXr4C5RRc_270.000_280.000.wav	0.0	6.72	Vacuum_cleaner
YCDzXaXXJbEM_10.000_20.000.wav	0.0	10.0	Vacuum_cleaner
YCFlJ3s8bThc_10.000_20.000.wav			
YCFQQgBvv2xQ_100.000_110.000.wav	2.2600000000000002	10.0	Vacuum_cleaner
YChKx4LnaiUg_30.000_40.000.wav	0.0	10.0	Electric_shaver_toothbrush
YCIHeWEyXlBo_380.000_390.000.wav	0.0	10.0	Vacuum_cleaner
YCNhIye_TpYo_0.000_10.000.wav	1.96	10.0	Electric_shaver_toothbrush
YCNhIye_TpYo_0.000_10.000.wav	0.0	10.0	Speech
YCQYU1BKgEvk_30.000_40.000.wav	0.0	4.72	Frying
YCQYU1BKgEvk_30.000_40.000.wav	7.22	8.9	Frying
YCQYU1BKgEvk_30.000_40.000.wav	9.06	10.0	Frying
YCUpj8e4vfr0_10.000_20.000.wav	0.0	10.0	Blender
YCYQJHHZsfA0_20.000_30.000.wav			
Ycz7OeuatTF4_40.000_50.000.wav			
Yd86YYbaFeRc_30.000_40.000.wav	4.68	10.0	Alarm_bell_ringing
Yd86YYbaFeRc_30.000_40.000.wav	0.0	10.0	Speech
YDcuiRMRt1gs_30.000_40.000.wav			
YDGNPn0onZlY_30.000_40.000.wav	0.0	10.0	Alarm_bell_ringing
YD-lPu_FeOM0_180.000_190.000.wav			
YDOjo6_9WxCo_30.000_40.000.wav	3.7	10.0	Vacuum_cleaner
YE31PuovQDic_380.000_390.000.wav	0.0	10.0	Running_water
YE3SHLh_qAeg_90.000_100.000.wav	0.0	10.0	Vacuum_cleaner
YF91ueYOdGfI_400.000_410.000.wav	1.42	9.16	Alarm_bell_ringing
YFb-PKnTdkF0_40.000_50.000.wav	0.0	10.0	Running_water
YFb-PKnTdkF0_40.000_50.000.wav	0.0	10.0	Speech
YG3yk9UXVB9g_20.000_30.000.wav	0.0	10.0	Speech
YG3yk9UXVB9g_20.000_30.000.wav	5.92	10.0	Vacuum_cleaner
YG8mATrGBVYs_40.000_50.000.wav	5.08	10.0	Vacuum_cleaner
Y-glXSSR3QZM_170.000_180.000.wav	1.2	2.2600000000000002	Alarm_bell_ringing
Y-glXSSR3QZM_170.000_180.000.wav	5.54	5.82	Alarm_bell_ringing
Y-glXSSR3QZM_170.000_180.000.wav	6.08	9.56	Alarm_bell_ringing
Y-glXSSR3QZM_170.000_180.000.wav	0.0	10.0	Speech
YGMBup-GU8oM_40.000_50.000.wav	0.0	10.0	Vacuum_cleaner
YGRO7A7F-IA0_50.000_60.000.wav	0.0	10.0	Running_water
YGvWm5TyWgPc_10.000_20.000.wav	0.66	4.0600000000000005	Alarm_bell_ringing
YGvWm5TyWgPc_10.000_20.000.wav	5.0600000000000005	8.14	Alarm_bell_ringing
YGvWm5TyWgPc_10.000_20.000.wav	9.66	10.0	Alarm_bell_ringing
YgY1k1H3JwLw_30.000_40.000.wav	0.0	10.0	Speech
YGZ4zl72qSsY_50.000_60.000.wav	2.0	10.0	Frying
YGZ4zl72qSsY_50.000_60.000.wav	1.5	10.0	Running_water
YH69K1QTcklQ_300.000_310.000.wav	0.0	10.0	Electric_shaver_toothbrush
Y_HDolAn2_us_60.000_70.000.wav	3.2600000000000002	6.36	Alarm_bell_ringing
Y_HDolAn2_us_60.000_70.000.wav	7.5600000000000005	9.040000000000001	Alarm_bell_ringing
Y_HDolAn2_us_60.000_70.000.wav	0.0	10.0	Speech
YHGJA33enbP8_40.000_50.000.wav	3.94	10.0	Running_water
YhlG2-K5ZIkY_80.000_90.000.wav	0.0	10.0	screaming
Y-HmpSQ-yFFc_0.000_10.000.wav	0.0	10.0	Speech
YhrsczWY36p8_190.000_200.000.wav	0.0	10.0	Electric_shaver_toothbrush
YhrsczWY36p8_190.000_200.000.wav	0.0	10.0	Speech
YHsMCQVHsXSY_470.000_480.000.wav	0.0	7.44	Running_water
YHsMCQVHsXSY_470.000_480.000.wav	0.0	10.0	Speech
Yi7VpXVrrTPs_30.000_40.000.wav			
YIbEqfqTarSQ_210.000_220.000.wav	0.0	10.0	Vacuum_cleaner
YIDrS33tGhJo_140.000_150.000.wav	0.62	1.94	Alarm_bell_ringing
YIDrS33tGhJo_140.000_150.000.wav	2.86	6.62	Alarm_bell_ringing
YIDrS33tGhJo_140.000_150.000.wav	7.22	10.0	Alarm_bell_ringing
YiEPr3WdvTM0_150.000_160.000.wav	1.34	3.02	Alarm_bell_ringing
YiEPr3WdvTM0_150.000_160.000.wav	4.98	7.54	Alarm_bell_ringing
YIjgCZlauTl8_40.000_50.000.wav			
YImHzoh9GdKM_60.000_70.000.wav	0.0	1.08	Electric_shaver_toothbrush
YImHzoh9GdKM_60.000_70.000.wav	9.06	10.0	Electric_shaver_toothbrush
YImHzoh9GdKM_60.000_70.000.wav	0.0	10.0	Speech
YI_qBcFL7rys_0.000_3.000.wav	0.0	1.3	Alarm_bell_ringing
YI_qBcFL7rys_0.000_3.000.wav	1.7	2.98	Alarm_bell_ringing
YIuKYDovQ79I_350.000_360.000.wav	0.0	10.0	Speech
YIXRXuv9v7cM_80.000_90.000.wav	0.0	10.0	Alarm_bell_ringing
YIXRXuv9v7cM_80.000_90.000.wav	0.0	10.0	Speech
YJg1jycR1zGQ_30.000_40.000.wav	0.0	0.72	Dishes
YJg1jycR1zGQ_30.000_40.000.wav	1.84	3.52	Dishes
YJg1jycR1zGQ_30.000_40.000.wav	3.66	4.22	Dishes
YJg1jycR1zGQ_30.000_40.000.wav	4.32	6.32	Dishes
YJg1jycR1zGQ_30.000_40.000.wav	7.38	9.540000000000001	Dishes
YJg1jycR1zGQ_30.000_40.000.wav	9.66	10.0	Dishes
YJg1jycR1zGQ_30.000_40.000.wav	0.0	10.0	Frying
YJg1jycR1zGQ_30.000_40.000.wav	0.0	10.0	Speech
YJODPEwUPyUE_40.000_50.000.wav	0.0	10.0	Electric_shaver_toothbrush
YjSlHfmxMjpA_150.000_160.000.wav	1.92	5.1000000000000005	Alarm_bell_ringing
YjSlHfmxMjpA_150.000_160.000.wav	0.0	10.0	Speech
YK0OM1kMgtek_30.000_40.000.wav			
YKa1vVow0j6w_40.000_50.000.wav	0.0	10.0	Vacuum_cleaner
YK_J3sr7Q8nM_40.000_50.000.wav	4.4	5.1000000000000005	Dog
YK_J3sr7Q8nM_40.000_50.000.wav	5.62	6.0200000000000005	Dog
YKn1DpReuHy0_120.000_130.000.wav	1.1	10.0	Electric_shaver_toothbrush
YKn1DpReuHy0_120.000_130.000.wav	0.0	10.0	Speech
YKv0-h1ikdL4_0.000_10.000.wav	2.4	10.0	Vacuum_cleaner
YM1-0hqpMYDo_0.000_10.000.wav	0.0	9.84	Alarm_bell_ringing
YMGVGO9mnvMQ_7.000_17.000.wav			
YNhK4rKkO0Kg_0.000_10.000.wav	0.8	1.16	Cat
YNhK4rKkO0Kg_0.000_10.000.wav	1.78	2.9	Cat
YNhK4rKkO0Kg_0.000_10.000.wav	4.04	4.7	Cat
YNLfNL24ZRwE_130.000_140.000.wav			
YNng-iN9i3p0_30.000_40.000.wav	0.0	0.34	Cat
YNng-iN9i3p0_30.000_40.000.wav	1.1	1.4000000000000001	Cat
YNng-iN9i3p0_30.000_40.000.wav	1.54	1.68	Cat
YNng-iN9i3p0_30.000_40.000.wav	3.5	4.08	Cat
YNng-iN9i3p0_30.000_40.000.wav	5.7	6.26	Cat
YNng-iN9i3p0_30.000_40.000.wav	8.2	9.0	Cat
YNQklJ9BEiLA_110.000_120.000.wav	0.0	10.0	Electric_shaver_toothbrush
YnsxAMfzY_Wo_160.000_170.000.wav	3.74	7.62	Alarm_bell_ringing
YnsxAMfzY_Wo_160.000_170.000.wav	8.78	10.0	Alarm_bell_ringing
YnsxAMfzY_Wo_160.000_170.000.wav	0.0	10.0	Speech
YNtJdN5aK1-U_0.000_10.000.wav	1.6400000000000001	1.96	Cat
YNtJdN5aK1-U_0.000_10.000.wav	3.34	5.34	Cat
YNtJdN5aK1-U_0.000_10.000.wav	6.0	9.0	Cat
YNZmsa3iVJuA_0.000_10.000.wav			
YO0MNy3e8lKg_10.000_20.000.wav	0.0	0.28	Cat
YO0MNy3e8lKg_10.000_20.000.wav	2.02	2.52	Cat
YO0MNy3e8lKg_10.000_20.000.wav	5.42	5.98	Cat
YO0MNy3e8lKg_10.000_20.000.wav	7.6000000000000005	8.0	Cat
YO0MNy3e8lKg_10.000_20.000.wav	8.36	8.74	Cat
YO8pAsSYXXJU_0.000_10.000.wav	0.08	0.24	Cat
YO8pAsSYXXJU_0.000_10.000.wav	1.62	2.4	Cat
YO8pAsSYXXJU_0.000_10.000.wav	3.18	3.96	Cat
YO8pAsSYXXJU_0.000_10.000.wav	6.9	7.62	Cat
YOay1RB-XX1Q_30.000_40.000.wav			
YOBnP19wnMpY_30.000_40.000.wav	0.72	1.22	Cat
YofDKJJpUhuY_80.000_90.000.wav	0.0	5.4	Alarm_bell_ringing
YofDKJJpUhuY_80.000_90.000.wav	6.140000000000001	8.02	Alarm_bell_ringing
YofDKJJpUhuY_80.000_90.000.wav	8.52	9.86	Alarm_bell_ringing
YOtA_FyCE9Pc_30.000_40.000.wav			
YOTsn73eqbfc_10.000_20.000.wav	1.22	1.48	Alarm_bell_ringing
YOTsn73eqbfc_10.000_20.000.wav	2.22	2.5	Alarm_bell_ringing
YOTsn73eqbfc_10.000_20.000.wav	3.22	3.48	Alarm_bell_ringing
YOTsn73eqbfc_10.000_20.000.wav	4.18	4.48	Alarm_bell_ringing
YOTsn73eqbfc_10.000_20.000.wav	6.2	6.46	Alarm_bell_ringing
YOTsn73eqbfc_10.000_20.000.wav	7.2	7.5	Alarm_bell_ringing
YOTsn73eqbfc_10.000_20.000.wav	8.2	8.52	Alarm_bell_ringing
YOUCFQe0sQ1A_30.000_40.000.wav	0.0	0.62	Cat
YOUCFQe0sQ1A_30.000_40.000.wav	5.24	5.42	Cat
YOUCFQe0sQ1A_30.000_40.000.wav	7.5200000000000005	7.7	Cat
YOUCFQe0sQ1A_30.000_40.000.wav	8.64	8.78	Cat
YOUCFQe0sQ1A_30.000_40.000.wav	9.4	9.68	Cat
YOUCFQe0sQ1A_30.000_40.000.wav	9.88	10.0	Cat
YOWbtxdq5rvQ_30.000_40.000.wav	0.78	1.12	Cat
YOWbtxdq5rvQ_30.000_40.000.wav	3.58	3.72	Cat
YOWbtxdq5rvQ_30.000_40.000.wav	4.98	5.58	Cat
YOWbtxdq5rvQ_30.000_40.000.wav	6.5200000000000005	6.76	Cat
YOWbtxdq5rvQ_30.000_40.000.wav	7.78	8.0	Cat
YOWbtxdq5rvQ_30.000_40.000.wav	9.66	10.0	Cat
YP7TWBwH1INo_20.000_30.000.wav			
YPB5FosTwM8s_10.000_20.000.wav	3.2800000000000002	3.88	Cat
YPB5FosTwM8s_10.000_20.000.wav	4.8	5.42	Cat
YPB5FosTwM8s_10.000_20.000.wav	6.98	7.62	Cat
YPB5FosTwM8s_10.000_20.000.wav	9.18	9.74	Cat
YPCKQqHeRNyA_3.000_13.000.wav	0.2	1.08	Cat
YPCKQqHeRNyA_3.000_13.000.wav	1.76	2.2800000000000002	Cat
YPCKQqHeRNyA_3.000_13.000.wav	2.62	2.8000000000000003	Cat
YPCKQqHeRNyA_3.000_13.000.wav	2.96	3.98	Cat
YPCKQqHeRNyA_3.000_13.000.wav	8.22	8.6	Cat
YPCKQqHeRNyA_3.000_13.000.wav	9.84	10.0	Cat
YPE7xP2QidgY_60.000_70.000.wav	0.4	0.74	Cat
YPE7xP2QidgY_60.000_70.000.wav	1.0	1.44	Cat
YPE7xP2QidgY_60.000_70.000.wav	2.0	2.42	Cat
YPE7xP2QidgY_60.000_70.000.wav	3.56	3.84	Cat
YPE7xP2QidgY_60.000_70.000.wav	5.0	5.18	Cat
YPE7xP2QidgY_60.000_70.000.wav	7.0200000000000005	7.4	Cat
YPE7xP2QidgY_60.000_70.000.wav	8.1	8.42	Cat
YPE7xP2QidgY_60.000_70.000.wav	8.68	8.82	Cat
YPE7xP2QidgY_60.000_70.000.wav	9.46	9.86	Cat
YP-svHk3eMiU_60.000_70.000.wav			
YqEK2iFg_wT8_120.000_130.000.wav	0.0	8.14	Electric_shaver_toothbrush
YQmGZDxks87s_100.000_110.000.wav	0.0	10.0	Frying
YQmGZDxks87s_100.000_110.000.wav	0.0	10.0	Speech
YqslWda0kTxA_50.000_60.000.wav	0.0	10.0	Speech
YRcquN5Lwo34_0.000_10.000.wav	1.1	10.0	Frying
YRcquN5Lwo34_0.000_10.000.wav	0.0	10.0	Running_water
YRfbN44xVLWU_150.000_160.000.wav			
YRzxOif-w7mE_0.000_10.000.wav	0.0	10.0	Speech
YSb0N-XshN-c_410.000_420.000.wav			
YSuKtxWhkWjo_40.000_50.000.wav	0.0	10.0	Alarm_bell_ringing
YT04eSlGI3K0_20.000_30.000.wav	0.0	10.0	Electric_shaver_toothbrush
YTNo-Rtxix7s_220.000_230.000.wav			
YTUOyN4QdPyY_160.000_170.000.wav	0.0	0.3	Dishes
YTUOyN4QdPyY_160.000_170.000.wav	0.4	1.04	Dishes
YTUOyN4QdPyY_160.000_170.000.wav	1.56	1.82	Dishes
YTUOyN4QdPyY_160.000_170.000.wav	2.04	2.2800000000000002	Dishes
YTUOyN4QdPyY_160.000_170.000.wav	3.36	3.58	Dishes
YTUOyN4QdPyY_160.000_170.000.wav	3.66	3.7800000000000002	Dishes
YTUOyN4QdPyY_160.000_170.000.wav	5.26	5.86	Dishes
YTUOyN4QdPyY_160.000_170.000.wav	6.0	6.86	Dishes
YTUOyN4QdPyY_160.000_170.000.wav	8.26	9.14	Dishes
YTUOyN4QdPyY_160.000_170.000.wav	0.0	1.6	Frying
YTUOyN4QdPyY_160.000_170.000.wav	5.12	7.72	Frying
YTUOyN4QdPyY_160.000_170.000.wav	0.0	10.0	Speech
YU7iyCO9sKxA_360.000_370.000.wav	0.0	10.0	Speech
YV6DOcZCxgXM_50.000_60.000.wav			
YvKMwxK8ZLYM_50.000_60.000.wav	0.0	10.0	Electric_shaver_toothbrush
YWC41jM0L1i4_0.000_10.000.wav	4.48	10.0	Alarm_bell_ringing
YX_Yu2jbBmVc_3.000_13.000.wav	5.68	9.24	Alarm_bell_ringing
Y-YmyB631yvU_40.000_50.000.wav	0.0	0.7000000000000001	Dishes
Y-YmyB631yvU_40.000_50.000.wav	0.88	1.04	Dishes
Y-YmyB631yvU_40.000_50.000.wav	2.2	2.54	Dishes
Y-YmyB631yvU_40.000_50.000.wav	2.74	2.86	Dishes
Y-YmyB631yvU_40.000_50.000.wav	3.22	3.74	Dishes
Y-YmyB631yvU_40.000_50.000.wav	4.14	5.54	Dishes
Y-YmyB631yvU_40.000_50.000.wav	6.04	6.8	Dishes
Y-YmyB631yvU_40.000_50.000.wav	6.88	7.0	Dishes
Y-YmyB631yvU_40.000_50.000.wav	7.12	7.3	Dishes
Y-YmyB631yvU_40.000_50.000.wav	7.48	8.120000000000001	Dishes
Y-YmyB631yvU_40.000_50.000.wav	8.24	8.82	Dishes
Y-YmyB631yvU_40.000_50.000.wav	9.4	9.700000000000001	Dishes
Y-YmyB631yvU_40.000_50.000.wav	9.96	10.0	Dishes
Y-YmyB631yvU_40.000_50.000.wav	0.0	10.0	Speech
YzmEIzXrDprw_0.000_10.000.wav			
Y-0kLxY8r5VY_0.000_7.000.wav	1.08	1.74	gunfire
Y-0kLxY8r5VY_0.000_7.000.wav	2.52	4.5600000000000005	gunfire
Y-1SVaxMl9JE_90.000_100.000.wav			
Y-CsVvYRXa2A_330.000_340.000.wav	0.0	10.0	Speech
Y-CsVvYRXa2A_330.000_340.000.wav	7.86	10.0	gunfire
Y-bHiQJ1bbOQ_30.000_40.000.wav	0.96	10.0	gunfire
Y-bhtkQBD3yI_280.000_290.000.wav			
Y-cLpSJwE8n4_440.000_450.000.wav	0.0	10.0	gunfire
Y-dcZ6POUhPc_190.000_200.000.wav	2.02	6.1000000000000005	gunfire
Y-e4CdZmM9aQ_30.000_40.000.wav	0.0	10.0	gunfire
Y-fITuBtyXFk_30.000_40.000.wav	0.0	10.0	Speech
Y0-6AL5yJbrc_28.000_38.000.wav			
Y0-dzQz58IfY_20.000_30.000.wav	0.0	3.8000000000000003	fireworks
Y0-dzQz58IfY_20.000_30.000.wav	8.22	10.0	fireworks
Y0Ax39UPWoyY_100.000_110.000.wav	0.0	10.0	gunfire
Y0CatuXfcDf8_320.000_330.000.wav	0.8200000000000001	5.92	fireworks
Y0CllHEDwzRU_280.000_290.000.wav			
Y0F6V1arNxqs_100.000_110.000.wav			
Y0FMZr-2Oc6o_22.000_32.000.wav			
Y0GkJA3wupV4_20.000_30.000.wav	0.0	2.54	gunfire
Y0GkJA3wupV4_20.000_30.000.wav	4.84	9.1	gunfire
Y0Hnrufry54I_11.000_21.000.wav			
Y0KaBmzx92gM_220.000_230.000.wav	2.44	5.62	gunfire
Y0KaBmzx92gM_220.000_230.000.wav	8.42	10.0	gunfire
Y0L_iuO3qnAQ_90.000_100.000.wav	0.0	10.0	Speech
Y0MA8OK6kEr0_20.000_30.000.wav	1.4000000000000001	6.34	gunfire
Y0MJAFpTRZAw_20.000_30.000.wav	0.0	8.26	gunfire
Y0MJAFpTRZAw_20.000_30.000.wav	0.0	10.0	fireworks
Y0NJOGYx0PIM_490.000_500.000.wav	0.0	2.1	gunfire
Y0NJOGYx0PIM_490.000_500.000.wav	6.0	10.0	gunfire
Y0NzUZqAzV_g_280.000_290.000.wav	0.0	10.0	gunfire
Y0OaR0iqy9iU_570.000_580.000.wav	0.0	10.0	gunfire
Y0PULDXBleUw_30.000_40.000.wav	0.0	5.42	fireworks
Y0QkPKqR95_U_30.000_40.000.wav			
Y0S4hnlDVZ0g_0.000_4.000.wav	0.0	3.8200000000000003	gunfire
Y-K4R9SXZZsk_10.000_20.000.wav	0.0	10.0	Vacuum_cleaner
Y-jBWkHhQNew_30.000_40.000.wav	0.0	10.0	car
Y-oYYvzarYDs_70.000_80.000.wav	0.0	10.0	Blender
Y-t1zgGxlhPM_290.000_300.000.wav			
Y-uBbPbRML3U_290.000_300.000.wav	0.0	10.0	car
Y-x2aAKUtNRw_30.000_40.000.wav			
Y-z0q4AgXQwo_30.000_40.000.wav			
Y01xpKyI0rXA_180.000_190.000.wav	0.0	10.0	car
Y02tl_ek8f9I_30.000_40.000.wav	0.0	10.0	car
Y0IUR0a8uR5c_30.000_40.000.wav	0.0	10.0	car
Y0O9ZfRn69i8_30.000_40.000.wav			
Y0bR-EsIOoz0_10.000_20.000.wav	0.0	10.0	car
Y0hipL0SkXMo_40.000_50.000.wav	7.4	10.0	car
Y0jBiK305ZIY_30.000_40.000.wav	0.0	10.0	car
Y0mgwBb6HO-k_420.000_430.000.wav	0.38	0.9400000000000001	Dog
Y0mgwBb6HO-k_420.000_430.000.wav	1.94	3.08	Dog
Y0mgwBb6HO-k_420.000_430.000.wav	3.2600000000000002	3.52	Dog
Y0mgwBb6HO-k_420.000_430.000.wav	3.96	4.72	Dog
Y0mgwBb6HO-k_420.000_430.000.wav	5.1000000000000005	9.040000000000001	Dog
Y0mgwBb6HO-k_420.000_430.000.wav	9.38	9.56	Dog
Y11Pn3yJifSQ_4.000_14.000.wav			
Y1AwDdAiWVqY_30.000_40.000.wav	0.0	10.0	car
Y1ef2v0i7w0w_21.000_31.000.wav	0.0	10.0	gunfire
Y2-1wY_Ndtgw_10.000_20.000.wav	0.0	0.8200000000000001	Dog
Y2-1wY_Ndtgw_10.000_20.000.wav	2.4	2.64	Dog
Y2-1wY_Ndtgw_10.000_20.000.wav	3.02	6.1000000000000005	Dog
Y2-1wY_Ndtgw_10.000_20.000.wav	9.06	10.0	Dog
Y2BK1ZmLWSDU_380.000_390.000.wav	0.0	10.0	car
Y2Ck7MX5LEck_90.000_100.000.wav	0.0	10.0	Speech
Y2IpCIYF0lVU_29.000_39.000.wav			
Y2OyaXZ0sFsg_410.000_420.000.wav	0.0	10.0	car
Y32V2zsK7GME_110.000_120.000.wav	0.0	4.42	car
Y391V6NBnd0U_30.000_40.000.wav			
Y3Nzt343kCl4_30.000_40.000.wav	0.0	10.0	Speech
Y3OayXXRtdk4_70.000_80.000.wav	0.0	10.0	car
Y3esyOI3cuPI_340.000_350.000.wav	0.0	10.0	Speech
Y3ucGON1gEZk_500.000_510.000.wav	0.0	10.0	car
Y45MeR1d_qck_30.000_40.000.wav			
Y4aN_Vvn1lBY_30.000_40.000.wav			
Y4y0KbKCyKus_140.000_150.000.wav	0.0	10.0	Speech
Y4z6mZw4I5Uo_20.000_30.000.wav			
Y51Wq8OYk5sU_30.000_40.000.wav			
Y55jtGZAKoHQ_11.000_21.000.wav	0.0	10.0	car
Y58SoI7YKr4o_30.000_40.000.wav	0.0	10.0	car
Y59Mt7J_0KT4_0.000_10.000.wav			
Y5P3aq2BJYa0_480.000_490.000.wav	0.0	3.0	car
Y5Q9SNbMA11Y_30.000_40.000.wav			
Y03kFLTZguBs_100.000_110.000.wav			
Y38OjpkpMB0Q_140.000_150.000.wav			
Y4g3Qdd8RvTM_30.000_40.000.wav			
Y5fjmEgwc14E_100.000_110.000.wav			
Y6fVpEKC5JkY_60.000_70.000.wav	0.0	10.0	Speech
Y7lI4Z6_twLg_50.000_60.000.wav	0.0	1.04	crying
Y7lI4Z6_twLg_50.000_60.000.wav	4.1	10.0	crying
Y9T2ArE50xW4_20.000_30.000.wav			
YAp4nvdEotqw_3.000_13.000.wav	0.0	6.84	Dog
YAp4nvdEotqw_3.000_13.000.wav	7.16	9.08	Dog
YD6iYxYBfIOg_590.000_600.000.wav			
YDaMvU_MSjoo_20.000_30.000.wav	0.0	8.76	crying
YDaMvU_MSjoo_20.000_30.000.wav	2.02	8.74	screaming
YDaMvU_MSjoo_20.000_30.000.wav	0.0	8.76	crying
YDaMvU_MSjoo_20.000_30.000.wav	2.02	8.74	screaming
YDeNCHPXfMhM_30.000_40.000.wav	0.0	10.0	Speech
YDx9Mh8_fpD8_30.000_40.000.wav	3.38	10.0	crying
YG_TrD7F1FXc_20.000_30.000.wav	0.0	10.0	Speech
YG_TrD7F1FXc_20.000_30.000.wav	0.0	2.14	crying
YG_TrD7F1FXc_20.000_30.000.wav	3.9	10.0	crying
YGdXtn6Ei6Kw_120.000_130.000.wav	0.0	0.9	Dog
YGdXtn6Ei6Kw_120.000_130.000.wav	5.0200000000000005	5.22	Dog
YGdXtn6Ei6Kw_120.000_130.000.wav	5.5	7.98	Dog
YGdXtn6Ei6Kw_120.000_130.000.wav	8.8	10.0	Dog
YH9D844BXDyM_10.000_20.000.wav			
YHMK0GI0QxPY_40.000_50.000.wav	6.34	10.0	crying
YHVv0jG7J0to_490.000_500.000.wav	0.0	10.0	crying
YIlcfrqcH7tE_60.000_70.000.wav			
YLb5IVzP90pk_20.000_30.000.wav			
YNTg4toxmcN4_10.000_20.000.wav	0.0	10.0	screaming
YOhKMWfVT06E_100.000_110.000.wav			
YRZgn6kfaJP8_30.000_40.000.wav	0.0	10.0	Speech
YTWTsgG7EOmk_450.000_460.000.wav	0.0	10.0	Speech
YU8Pr56qG90o_60.000_70.000.wav			
YUedlY9Ijhsc_480.000_490.000.wav	0.0	7.9	crying
YVya087ERocc_10.000_20.000.wav			
YWNueW-3FF6g_30.000_40.000.wav			
YYUhIbX0xn_E_30.000_40.000.wav	0.0	10.0	crying
YY_q2U2FAOdE_30.000_40.000.wav			
YZ5wu71zydKE_0.000_10.000.wav	0.0	10.0	crying
YZPGYIJphxpc_0.000_7.000.wav			
Y_jvvL-pIFo0_80.000_90.000.wav			
YaXxoWLiwdDU_0.000_10.000.wav			
YbS6RQtIGmDY_0.000_10.000.wav	0.32	1.72	Dog
YbS6RQtIGmDY_0.000_10.000.wav	6.36	8.52	Dog
YeesWRPDG6ZI_310.000_320.000.wav			
Yf3vRQc2w_Nk_80.000_90.000.wav	0.0	10.0	Speech
YftuaQ40XKow_40.000_50.000.wav	0.0	10.0	Speech
Y-b_10b-orX4_50.000_60.000.wav			
Y0rcgzQpsWYs_30.000_40.000.wav			
Y11-d3rWQxZY_40.000_50.000.wav	0.0	10.0	fire
Y3j3AM4taI-U_0.000_10.000.wav			
Y5NqDdoLAUjE_30.000_40.000.wav	3.36	10.0	Frying
Y8ryifCe_sIU_20.000_30.000.wav	0.0	10.0	Speech
Y8ryifCe_sIU_20.000_30.000.wav	5.5600000000000005	10.0	car
Y9CCRS3MCwXI_30.000_40.000.wav			
Y9Pd12SkMum4_100.000_110.000.wav			
YBJVFqd7WYxA_390.000_400.000.wav	0.0	2.54	Frying
YBJVFqd7WYxA_390.000_400.000.wav	9.120000000000001	10.0	Frying
YBJVFqd7WYxA_390.000_400.000.wav	0.0	10.0	Speech
YC72bv2YhZ6A_0.000_10.000.wav			
YC9SbW7DnSho_50.000_60.000.wav	0.0	10.0	Speech
YCcKeBkOVJIY_30.000_40.000.wav	0.0	10.0	Speech
YCl64_nI7A14_120.000_130.000.wav			
YD7-J_A8zf2k_370.000_380.000.wav			
YDsFvp-0mEZA_30.000_40.000.wav			
YE-J9vzpZFn4_50.000_60.000.wav			
YEQoCKPIrT3U_430.000_440.000.wav	0.0	10.0	car
YGksy214mQWg_340.000_350.000.wav			
YIHNQUYiF21o_140.000_150.000.wav	0.0	10.0	fire
YJjC4SzZwjJg_50.000_60.000.wav			
YK5TkfFZk-ro_0.000_10.000.wav			
YKo9iUJ9Hz50_10.000_20.000.wav			
YL_CRmKhsdfQ_20.000_30.000.wav			
YMcwJQR6vKDA_10.000_20.000.wav	0.0	10.0	Running_water
YNI-ItTGKHuE_30.000_40.000.wav			
YOLA6yUdoTyo_200.000_210.000.wav	0.0	10.0	car
YPsuGhbGDAYw_10.000_20.000.wav	0.0	10.0	Running_water
YQfMn5NoHdes_30.000_40.000.wav	0.0	10.0	car
YRcfNij45obU_30.000_40.000.wav			
YRscrFWDOntw_330.000_340.000.wav			
YTaamX_ehKnU_120.000_130.000.wav	0.0	10.0	Speech
YU5dlogM7k9g_150.000_160.000.wav	0.0	10.0	fireworks
YUrToRNte8cU_10.000_20.000.wav			
YVcQsSCgypQU_110.000_120.000.wav			
YVzEmLYAcX_4_120.000_130.000.wav	0.0	10.0	Speech
Y386I9SMtAGc_0.000_10.000.wav			
Y3oX-QGFNYTg_20.000_30.000.wav			
Y4Y3OlH87NUE_20.000_30.000.wav	0.0	10.0	Vacuum_cleaner
Y5mut_FrB4As_30.000_40.000.wav			
Y6KknUgdsPxw_160.000_170.000.wav			
Y6g2kz0QNYts_70.000_80.000.wav			
Y7feRrqB4AvM_60.000_70.000.wav	0.0	10.0	Speech
Y8X4_2bcXKvM_310.000_320.000.wav	0.86	10.0	fireworks
Y9IFnYvr7xBM_0.000_10.000.wav	3.12	10.0	fireworks
Y9rVmT_jQlkM_80.000_90.000.wav			
YAVIplOV78Rw_50.000_60.000.wav	0.0	10.0	fireworks
YB_hJGfaCXq8_30.000_40.000.wav	0.0	10.0	fireworks
YCCHRD-G9sfA_90.000_100.000.wav	0.0	10.0	gunfire
YDR6axnjaBkQ_80.000_90.000.wav	0.0	10.0	fireworks
YDndWzbgvKws_20.000_30.000.wav	0.0	10.0	fireworks
YE-f_YcMcIK0_10.000_20.000.wav	0.0	10.0	screaming
YE0XpxQAoXeU_170.000_180.000.wav	0.0	4.22	gunfire
YE0XpxQAoXeU_170.000_180.000.wav	6.5200000000000005	10.0	gunfire
YFakZ7DH33dQ_80.000_90.000.wav	0.0	3.38	gunfire
YFakZ7DH33dQ_80.000_90.000.wav	6.640000000000001	10.0	gunfire
YG0uFERXjyWg_0.000_10.000.wav	0.68	4.2	fireworks
YGh8pcu-QU78_40.000_50.000.wav			
YHHFnMqzW54k_30.000_40.000.wav			
YHQfnea5gn-I_30.000_40.000.wav			
YJl6PuLEhxN8_110.000_120.000.wav	0.0	10.0	gunfire
YJl6PuLEhxN8_110.000_120.000.wav	0.0	10.0	fireworks
YK6M2Q24k178_50.000_60.000.wav	0.26	10.0	Blender
YK6M2Q24k178_50.000_60.000.wav	0.0	10.0	car
YMuvuZhHeM3s_490.000_500.000.wav			
YNq1BixVOd9s_510.000_520.000.wav	0.0	9.08	fireworks
YP_oXjPQfHpM_250.000_260.000.wav	0.0	10.0	gunfire
YRyPTSL-Zb3c_120.000_130.000.wav			
Y0maiaspDy5k_110.000_120.000.wav			
Y1OJ3grdpoD0_160.000_170.000.wav			
Y1fJNudB6faA_30.000_40.000.wav			
Y2aDcV6zKmF8_60.000_70.000.wav			
Y2je_d-3I0OY_60.000_70.000.wav			
Y2lXyUsQZ5Bo_10.000_20.000.wav			
Y3gBweLbN1gQ_210.000_220.000.wav	3.7800000000000002	4.16	Alarm_bell_ringing
Y3gBweLbN1gQ_210.000_220.000.wav	4.86	10.0	Alarm_bell_ringing
Y5AtdNZxX0Z8_0.000_10.000.wav			
Y6LLTLAVy6L4_30.000_40.000.wav			
Y81a39gW9Tik_120.000_130.000.wav			
Y8l-TWnwTapo_30.000_40.000.wav			
Y8tbm8V9vyMk_120.000_130.000.wav	0.0	10.0	Speech
YA8ED8Iix7XQ_190.000_200.000.wav	0.0	0.96	Dishes
YA8ED8Iix7XQ_190.000_200.000.wav	1.2	3.16	Dishes
YA8ED8Iix7XQ_190.000_200.000.wav	3.56	5.12	Dishes
YA8ED8Iix7XQ_190.000_200.000.wav	5.84	6.32	Dishes
YA8ED8Iix7XQ_190.000_200.000.wav	6.44	7.0200000000000005	Dishes
YA8ED8Iix7XQ_190.000_200.000.wav	7.640000000000001	9.96	Dishes
YA8ED8Iix7XQ_190.000_200.000.wav	0.0	10.0	Speech
YATAF6Wp31ZE_70.000_80.000.wav			
YAV-A9n7szrI_70.000_80.000.wav	0.0	10.0	car
YAcYTVEdlGE4_580.000_590.000.wav			
YAemcWVbB2zI_30.000_40.000.wav			
YE1QaQHjCAv4_230.000_240.000.wav	0.0	10.0	Vacuum_cleaner
YFdeHk3CjgB0_0.000_10.000.wav	0.0	10.0	Speech
YGPQJCqOP8V0_70.000_80.000.wav			
YH_V0egxYTyg_0.000_10.000.wav			
YKuggB26Gjk0_40.000_50.000.wav	0.0	10.0	gunfire
YL1rAooQEnsk_0.000_7.000.wav			
YMg5f_4pJFPw_20.000_30.000.wav			
YN6QXxr4QapY_60.000_70.000.wav	0.0	10.0	Speech
YO1wzDHhXgOw_470.000_480.000.wav	0.0	10.0	Speech
YSAQnmv5TtNA_10.000_20.000.wav			
YU7_IlUYZKa0_0.000_10.000.wav			
YUikrYQmCYf0_90.000_100.000.wav	0.0	10.0	gunfire
Y-GI5PbO6j50_30.000_40.000.wav			
Y2NznKe2WaOc_30.000_40.000.wav	0.0	3.9	screaming
Y3ERj8It26dk_10.000_20.000.wav			
Y3sYPuktlyDY_310.000_320.000.wav	4.18	5.44	Dog
Y3sYPuktlyDY_310.000_320.000.wav	6.7	7.26	Dog
Y3sYPuktlyDY_310.000_320.000.wav	7.72	8.86	Dog
Y3sYPuktlyDY_310.000_320.000.wav	9.16	9.36	Dog
Y3sYPuktlyDY_310.000_320.000.wav	9.58	9.84	Dog
Y8rZEOvULYzo_30.000_40.000.wav			
Y9ZBR-dTCPrg_80.000_90.000.wav	0.0	3.2800000000000002	gunfire
Y9ZBR-dTCPrg_80.000_90.000.wav	8.72	10.0	gunfire
YAkx3uwhohmU_28.000_38.000.wav			
YBkq1PAyGuZY_8.000_18.000.wav	0.0	10.0	Speech
YBkq1PAyGuZY_8.000_18.000.wav	5.44	10.0	screaming
YCeIiAEQTbhY_0.000_5.000.wav			
YCzmb6tEwFE8_0.000_5.000.wav			
YD4GhIt5THAI_0.000_7.000.wav			
YD6thZbNv148_13.000_23.000.wav			
YFaYQcP0hKmU_330.000_340.000.wav	0.0	10.0	Alarm_bell_ringing
YHt_IiMEbMJk_70.000_80.000.wav	0.0	10.0	Speech
YJWZpp-w5TcU_150.000_160.000.wav	0.0	9.16	crying
YLJ8BY521EoI_30.000_40.000.wav			
YQBYtl0RfPIA_310.000_320.000.wav	0.0	10.0	Speech
YQFTcdU-BDg8_30.000_40.000.wav	0.0	10.0	Speech
YQT02wb27wCA_100.000_110.000.wav	0.0	9.74	screaming
YTAl6LU38u8M_30.000_40.000.wav			
YUdY8WXNiuzw_10.000_20.000.wav	0.0	1.3	Dog
YUdY8WXNiuzw_10.000_20.000.wav	1.52	2.32	Dog
YUdY8WXNiuzw_10.000_20.000.wav	2.66	3.18	Dog
YUdY8WXNiuzw_10.000_20.000.wav	3.44	6.22	Dog
YUdY8WXNiuzw_10.000_20.000.wav	6.66	7.12	Dog
YUdY8WXNiuzw_10.000_20.000.wav	7.7	8.3	Dog
YUdY8WXNiuzw_10.000_20.000.wav	8.66	9.120000000000001	Dog
YUdY8WXNiuzw_10.000_20.000.wav	9.620000000000001	10.0	Dog
YVxuMKb5CKI0_30.000_40.000.wav	0.0	10.0	fireworks
YW4R_63_UxSw_10.000_20.000.wav	0.0	10.0	Speech
YWLjjbOBFt8g_440.000_450.000.wav	0.0	10.0	screaming
YX4jIkctapb8_40.000_50.000.wav	0.7000000000000001	5.72	Dog
YX4jIkctapb8_40.000_50.000.wav	5.98	7.24	Dog
YX4jIkctapb8_40.000_50.000.wav	7.9	9.040000000000001	Dog
YX4jIkctapb8_40.000_50.000.wav	9.38	9.66	Dog
Ya2ugthH2Urk_150.000_160.000.wav			
YaslxfM0T8No_10.000_20.000.wav	0.0	10.0	gunfire
YcnmE_P7-lHw_70.000_80.000.wav			
YdhKZgvg9b14_50.000_60.000.wav	0.0	10.0	screaming